Date,High,Low,Open,Close,Volume,Adj Close,50ma,100ma,200ma,Symbol
2018-12-31,20.799999237060547,20.110000610351562,20.6299991607666,20.639999389648438,4205300,20.639999389648438,20.639999389648438,20.639999389648438,20.639999389648438,LBTYK
2019-01-02,20.90999984741211,20.030000686645508,20.18000030517578,20.700000762939453,4928200,20.700000762939453,20.670000076293945,20.670000076293945,20.670000076293945,LBTYK
2019-01-03,20.809999465942383,20.399999618530273,20.479999542236328,20.56999969482422,3468000,20.56999969482422,20.636666615804035,20.636666615804035,20.636666615804035,LBTYK
2019-01-04,22.079999923706055,20.8799991607666,20.8799991607666,21.979999542236328,3475400,21.979999542236328,20.97249984741211,20.97249984741211,20.97249984741211,LBTYK
2019-01-07,21.920000076293945,20.979999542236328,21.760000228881836,21.040000915527344,5357100,21.040000915527344,20.986000061035156,20.986000061035156,20.986000061035156,LBTYK
2019-01-08,21.200000762939453,20.239999771118164,21.09000015258789,20.280000686645508,4579700,20.280000686645508,20.868333498636883,20.868333498636883,20.868333498636883,LBTYK
2019-01-09,20.959999084472656,20.1299991607666,20.440000534057617,20.34000015258789,3514100,20.34000015258789,20.792857306344168,20.792857306344168,20.792857306344168,LBTYK
2019-01-10,20.309999465942383,19.5,20.219999313354492,19.790000915527344,4870900,19.790000915527344,20.667500257492065,20.667500257492065,20.667500257492065,LBTYK
2019-01-11,20.43000030517578,19.549999237060547,19.760000228881836,20.34000015258789,6221400,20.34000015258789,20.63111135694716,20.63111135694716,20.63111135694716,LBTYK
2019-01-14,21.209999084472656,20.1299991607666,20.260000228881836,20.8799991607666,7339800,20.8799991607666,20.6560001373291,20.6560001373291,20.6560001373291,LBTYK
2019-01-15,21.6200008392334,20.809999465942383,20.899999618530273,21.40999984741211,3532200,21.40999984741211,20.724545565518465,20.724545565518465,20.724545565518465,LBTYK
2019-01-16,21.90999984741211,21.3799991607666,21.3799991607666,21.6200008392334,2340700,21.6200008392334,20.799166838328045,20.799166838328045,20.799166838328045,LBTYK
2019-01-17,21.770000457763672,21.309999465942383,21.510000228881836,21.420000076293945,1951700,21.420000076293945,20.846923241248497,20.846923241248497,20.846923241248497,LBTYK
2019-01-18,21.809999465942383,21.290000915527344,21.65999984741211,21.56999969482422,2794300,21.56999969482422,20.89857155936105,20.89857155936105,20.89857155936105,LBTYK
2019-01-22,22.040000915527344,21.139999389648438,21.350000381469727,21.850000381469727,4264700,21.850000381469727,20.962000147501627,20.962000147501627,20.962000147501627,LBTYK
2019-01-23,22.149999618530273,21.290000915527344,21.8700008392334,21.639999389648438,4943400,21.639999389648438,21.004375100135803,21.004375100135803,21.004375100135803,LBTYK
2019-01-24,22.18000030517578,21.6299991607666,21.81999969482422,22.020000457763672,2366300,22.020000457763672,21.06411776823156,21.06411776823156,21.06411776823156,LBTYK
2019-01-25,22.459999084472656,22.1299991607666,22.209999084472656,22.350000381469727,5622400,22.350000381469727,21.135555691189236,21.135555691189236,21.135555691189236,LBTYK
2019-01-28,22.6299991607666,21.959999084472656,22.209999084472656,22.6200008392334,2489000,22.6200008392334,21.21368438319156,21.21368438319156,21.21368438319156,LBTYK
2019-01-29,22.989999771118164,22.469999313354492,22.579999923706055,22.700000762939453,2004400,22.700000762939453,21.288000202178956,21.288000202178956,21.288000202178956,LBTYK
2019-01-30,23.1200008392334,22.399999618530273,22.760000228881836,22.959999084472656,1939800,22.959999084472656,21.367619196573894,21.367619196573894,21.367619196573894,LBTYK
2019-01-31,23.719999313354492,23.020000457763672,23.1200008392334,23.559999465942383,2769000,23.559999465942383,21.46727284518155,21.46727284518155,21.46727284518155,LBTYK
2019-02-01,23.93000030517578,23.100000381469727,23.5,23.899999618530273,2501400,23.899999618530273,21.573043574457582,21.573043574457582,21.573043574457582,LBTYK
2019-02-04,25.299999237060547,23.829999923706055,23.829999923706055,24.8799991607666,3284200,24.8799991607666,21.71083339055379,21.71083339055379,21.71083339055379,LBTYK
2019-02-05,25.15999984741211,24.479999542236328,24.719999313354492,25.010000228881836,4567800,25.010000228881836,21.842800064086916,21.842800064086916,21.842800064086916,LBTYK
2019-02-06,25.030000686645508,24.3700008392334,25.0,24.3799991607666,3790800,24.3799991607666,21.94038464472844,21.94038464472844,21.94038464472844,LBTYK
2019-02-07,24.540000915527344,24.020000457763672,24.389999389648438,24.5,1768500,24.5,22.0351852134422,22.0351852134422,22.0351852134422,LBTYK
2019-02-08,24.350000381469727,23.950000762939453,24.350000381469727,24.1299991607666,1699400,24.1299991607666,22.109999997275217,22.109999997275217,22.109999997275217,LBTYK
2019-02-11,24.229999542236328,23.229999542236328,24.1299991607666,23.34000015258789,1914100,23.34000015258789,22.152413795734272,22.152413795734272,22.152413795734272,LBTYK
2019-02-12,23.969999313354492,23.360000610351562,23.520000457763672,23.90999984741211,2343800,23.90999984741211,22.21099999745687,22.21099999745687,22.21099999745687,LBTYK
2019-02-13,24.110000610351562,23.440000534057617,24.100000381469727,23.770000457763672,1544100,23.770000457763672,22.26129033488612,22.26129033488612,22.26129033488612,LBTYK
2019-02-14,24.15999984741211,23.43000030517578,23.75,24.079999923706055,1858500,24.079999923706055,22.318125009536743,22.318125009536743,22.318125009536743,LBTYK
2019-02-15,24.850000381469727,24.139999389648438,24.389999389648438,24.81999969482422,2592100,24.81999969482422,22.393939393939394,22.393939393939394,22.393939393939394,LBTYK
2019-02-19,24.93000030517578,24.56999969482422,24.709999084472656,24.729999542236328,2683200,24.729999542236328,22.46264704535989,22.46264704535989,22.46264704535989,LBTYK
2019-02-20,25.030000686645508,24.649999618530273,24.729999542236328,24.780000686645508,2286800,24.780000686645508,22.528857149396625,22.528857149396625,22.528857149396625,LBTYK
2019-02-21,24.860000610351562,24.5,24.649999618530273,24.75,2328200,24.75,22.590555561913384,22.590555561913384,22.590555561913384,LBTYK
2019-02-22,25.270000457763672,24.799999237060547,24.93000030517578,25.170000076293945,1377300,25.170000076293945,22.660270278518265,22.660270278518265,22.660270278518265,LBTYK
2019-02-25,25.31999969482422,24.479999542236328,25.209999084472656,24.530000686645508,1919200,24.530000686645508,22.709473710311087,22.709473710311087,22.709473710311087,LBTYK
2019-02-26,25.690000534057617,24.420000076293945,24.420000076293945,25.479999542236328,3001000,25.479999542236328,22.780512834206604,22.780512834206604,22.780512834206604,LBTYK
2019-02-27,25.469999313354492,25.079999923706055,25.360000610351562,25.299999237060547,2504300,25.299999237060547,22.843499994277956,22.843499994277956,22.843499994277956,LBTYK
2019-02-28,25.520000457763672,24.5,25.219999313354492,25.389999389648438,3203600,25.389999389648438,22.905609735628452,22.905609735628452,22.905609735628452,LBTYK
2019-03-01,25.690000534057617,25.200000762939453,25.600000381469727,25.3799991607666,2618900,25.3799991607666,22.964523769560316,22.964523769560316,22.964523769560316,LBTYK
2019-03-04,25.559999465942383,25.229999542236328,25.360000610351562,25.489999771118164,1971400,25.489999771118164,23.023255769596542,23.023255769596542,23.023255769596542,LBTYK
2019-03-05,25.540000915527344,25.190000534057617,25.5,25.309999465942383,1803800,25.309999465942383,23.075227217240766,23.075227217240766,23.075227217240766,LBTYK
2019-03-06,25.510000228881836,25.149999618530273,25.229999542236328,25.299999237060547,1362600,25.299999237060547,23.124666595458983,23.124666595458983,23.124666595458983,LBTYK
2019-03-07,25.5,24.950000762939453,25.260000228881836,25.219999313354492,2072800,25.219999313354492,23.170217306717582,23.170217306717582,23.170217306717582,LBTYK
2019-03-08,25.06999969482422,24.56999969482422,25.06999969482422,24.610000610351562,2907200,24.610000610351562,23.200850994028944,23.200850994028944,23.200850994028944,LBTYK
2019-03-11,24.709999084472656,24.200000762939453,24.709999084472656,24.299999237060547,3164600,24.299999237060547,23.22374991575877,23.22374991575877,23.22374991575877,LBTYK
2019-03-12,24.860000610351562,24.079999923706055,24.450000762939453,24.600000381469727,3025000,24.600000381469727,23.25183665995695,23.25183665995695,23.25183665995695,LBTYK
2019-03-13,25.09000015258789,24.65999984741211,24.670000076293945,24.950000762939453,1741300,24.950000762939453,23.285799942016602,23.285799942016602,23.285799942016602,LBTYK
2019-03-14,25.25,24.940000534057617,24.940000534057617,25.059999465942383,2148300,25.059999465942383,23.37419994354248,23.32058816797593,23.32058816797593,LBTYK
2019-03-15,25.709999084472656,25.1299991607666,25.170000076293945,25.3700008392334,5778100,25.3700008392334,23.467599945068358,23.359999950115498,23.359999950115498,LBTYK
2019-03-18,25.56999969482422,25.1299991607666,25.1299991607666,25.440000534057617,2542700,25.440000534057617,23.564999961853026,23.39924524415214,23.39924524415214,LBTYK
2019-03-19,25.649999618530273,25.239999771118164,25.40999984741211,25.479999542236328,2106400,25.479999542236328,23.634999961853026,23.4377777311537,23.4377777311537,LBTYK
2019-03-20,25.56999969482422,25.149999618530273,25.489999771118164,25.479999542236328,2260300,25.479999542236328,23.723799934387205,23.47490903680975,23.47490903680975,LBTYK
2019-03-21,25.790000915527344,25.110000610351562,25.399999618530273,25.770000457763672,2589000,25.770000457763672,23.83359992980957,23.515892812183925,23.515892812183925,LBTYK
2019-03-22,25.760000228881836,25.299999237060547,25.68000030517578,25.360000610351562,2364800,25.360000610351562,23.933999938964845,23.548245580572832,23.548245580572832,LBTYK
2019-03-25,25.489999771118164,24.579999923706055,25.350000381469727,25.100000381469727,2174900,25.100000381469727,24.04019992828369,23.574999973691742,23.574999973691742,LBTYK
2019-03-26,25.510000228881836,24.579999923706055,25.219999313354492,24.75,1870500,24.75,24.128399925231932,23.594915228374933,23.594915228374933,LBTYK
2019-03-27,25.079999923706055,24.469999313354492,24.84000015258789,24.809999465942383,4689400,24.809999465942383,24.20699993133545,23.61516663233439,23.61516663233439,LBTYK
2019-03-28,24.829999923706055,24.389999389648438,24.739999771118164,24.530000686645508,2346000,24.530000686645508,24.269399948120117,23.63016391191326,23.63016391191326,LBTYK
2019-03-29,24.809999465942383,23.899999618530273,24.56999969482422,24.209999084472656,2922000,24.209999084472656,24.321199913024902,23.639516092115834,23.639516092115834,LBTYK
2019-04-01,24.709999084472656,24.079999923706055,24.459999084472656,24.149999618530273,3080300,24.149999618530273,24.37579990386963,23.647619005233523,23.647619005233523,LBTYK
2019-04-02,24.739999771118164,24.15999984741211,24.15999984741211,24.6200008392334,3388700,24.6200008392334,24.436799926757814,23.66281247138977,23.66281247138977,LBTYK
2019-04-03,25.719999313354492,24.6299991607666,24.6299991607666,25.649999618530273,3767100,25.649999618530273,24.512799911499023,23.69338458134578,23.69338458134578,LBTYK
2019-04-04,25.959999084472656,25.600000381469727,25.719999313354492,25.8799991607666,2872100,25.8799991607666,24.59759990692139,23.7265151052764,23.7265151052764,LBTYK
2019-04-05,26.899999618530273,25.860000610351562,26.0,26.860000610351562,5540300,26.860000610351562,24.694399909973143,23.773283545650653,23.773283545650653,LBTYK
2019-04-08,27.040000915527344,26.579999923706055,26.770000457763672,26.790000915527344,5333300,26.790000915527344,24.783199920654297,23.817647036384134,23.817647036384134,LBTYK
2019-04-09,26.950000762939453,26.530000686645508,26.65999984741211,26.790000915527344,3120400,26.790000915527344,24.866599922180175,23.860724628835484,23.860724628835484,LBTYK
2019-04-10,26.65999984741211,26.280000686645508,26.59000015258789,26.530000686645508,2822000,26.530000686645508,24.943199920654298,23.898857143947055,23.898857143947055,LBTYK
2019-04-11,26.770000457763672,26.290000915527344,26.5,26.440000534057617,1004600,26.440000534057617,25.012799949645995,23.934647895920445,23.934647895920445,LBTYK
2019-04-12,27.1200008392334,26.31999969482422,26.6200008392334,27.049999237060547,2283800,27.049999237060547,25.08259994506836,23.97791666454739,23.97791666454739,LBTYK
2019-04-15,27.5,27.010000228881836,27.09000015258789,27.389999389648438,1412800,27.389999389648438,25.152399940490724,24.02465752379535,24.02465752379535,LBTYK
2019-04-16,27.639999389648438,26.719999313354492,27.5,26.809999465942383,1837700,26.809999465942383,25.19099994659424,24.06229727977031,24.06229727977031,LBTYK
2019-04-17,27.040000915527344,26.559999465942383,26.8799991607666,26.739999771118164,1162400,26.739999771118164,25.225599937438965,24.097999979654947,24.097999979654947,LBTYK
2019-04-18,26.989999771118164,26.149999618530273,26.90999984741211,26.65999984741211,2937200,26.65999984741211,25.271199951171877,24.1317105042307,24.1317105042307,LBTYK
2019-04-22,26.889999389648438,26.450000762939453,26.610000610351562,26.5,1371200,26.5,25.311199951171876,24.162467510669263,24.162467510669263,LBTYK
2019-04-23,26.850000381469727,26.31999969482422,26.40999984741211,26.489999771118164,1616800,26.489999771118164,25.358399963378908,24.192307667854504,24.192307667854504,LBTYK
2019-04-24,26.709999084472656,25.950000762939453,26.40999984741211,26.399999618530273,2224200,26.399999618530273,25.419599952697755,24.220253135584578,24.220253135584578,LBTYK
2019-04-25,26.260000228881836,25.700000762939453,26.260000228881836,25.790000915527344,2695200,25.790000915527344,25.45719997406006,24.23987498283386,24.23987498283386,LBTYK
2019-04-26,26.09000015258789,25.799999237060547,26.09000015258789,26.040000915527344,1867200,26.040000915527344,25.502599983215333,24.262098759780695,24.262098759780695,LBTYK
2019-04-29,26.479999542236328,25.989999771118164,26.0,26.15999984741211,886100,26.15999984741211,25.544199981689452,24.285243894995713,24.285243894995713,LBTYK
2019-04-30,26.350000381469727,25.559999465942383,26.079999923706055,26.149999618530273,1680900,26.149999618530273,25.570799980163574,24.30771083142384,24.30771083142384,LBTYK
2019-05-01,26.520000457763672,25.799999237060547,26.18000030517578,25.809999465942383,1585600,25.809999465942383,25.592399978637694,24.325595219930012,24.325595219930012,LBTYK
2019-05-02,25.8799991607666,25.25,25.719999313354492,25.579999923706055,2272800,25.579999923706055,25.608399963378908,24.340352922327376,24.340352922327376,LBTYK
2019-05-03,26.229999542236328,25.5,25.600000381469727,26.020000457763672,2293300,26.020000457763672,25.63379997253418,24.359883707623148,24.359883707623148,LBTYK
2019-05-06,26.15999984741211,25.450000762939453,25.600000381469727,26.049999237060547,1713200,26.049999237060547,25.65139995574951,24.37931032290404,24.37931032290404,LBTYK
2019-05-07,25.770000457763672,25.1200008392334,25.770000457763672,25.309999465942383,2821700,25.309999465942383,25.66699993133545,24.38988633589311,24.38988633589311,LBTYK
2019-05-08,25.459999084472656,25.059999465942383,25.1299991607666,25.309999465942383,2482800,25.309999465942383,25.66359992980957,24.400224685668945,24.400224685668945,LBTYK
2019-05-09,25.670000076293945,24.889999389648438,25.09000015258789,25.6200008392334,2974300,25.6200008392334,25.669999961853026,24.413777754041885,24.413777754041885,LBTYK
2019-05-10,25.770000457763672,24.979999542236328,25.5,25.56999969482422,2378500,25.56999969482422,25.673599967956545,24.426483489654878,24.426483489654878,LBTYK
2019-05-13,25.219999313354492,24.049999237060547,25.15999984741211,24.059999465942383,4613800,24.059999465942383,25.647199974060058,24.422499967658002,24.422499967658002,LBTYK
2019-05-14,24.549999237060547,24.010000228881836,24.100000381469727,24.280000686645508,2754900,24.280000686645508,25.622999992370605,24.420967717324533,24.420967717324533,LBTYK
2019-05-15,24.809999465942383,23.940000534057617,24.100000381469727,24.75,3930500,24.75,25.61180000305176,24.424468060757253,24.424468060757253,LBTYK
2019-05-16,25.239999771118164,24.56999969482422,24.739999771118164,25.030000686645508,3292200,25.030000686645508,25.606400032043457,24.43084208839818,24.43084208839818,LBTYK
2019-05-17,25.170000076293945,24.6200008392334,24.950000762939453,24.65999984741211,7243900,24.65999984741211,25.59520004272461,24.43322914838791,24.43322914838791,LBTYK
2019-05-20,24.6200008392334,24.280000686645508,24.350000381469727,24.56999969482422,2367800,24.56999969482422,25.594400024414064,24.434639154021273,24.434639154021273,LBTYK
2019-05-21,25.309999465942383,24.670000076293945,24.709999084472656,25.280000686645508,2315200,25.280000686645508,25.61400005340576,24.443265292109274,24.443265292109274,LBTYK
2019-05-22,25.3700008392334,24.700000762939453,25.170000076293945,24.899999618530273,2247200,24.899999618530273,25.620000038146973,24.44787877015393,24.44787877015393,LBTYK
2019-05-23,24.959999084472656,24.40999984741211,24.639999389648438,24.610000610351562,2835800,24.610000610351562,25.613200035095215,24.449499988555907,24.449499988555907,LBTYK
2019-05-24,24.889999389648438,24.309999465942383,24.75,24.40999984741211,2593200,24.40999984741211,25.60020004272461,24.487199993133544,24.449108898049534,LBTYK
2019-05-28,25.219999313354492,24.389999389648438,24.549999237060547,24.540000915527344,4124500,24.540000915527344,25.58360004425049,24.525599994659423,24.4499999962601,LBTYK
2019-05-29,24.780000686645508,24.270000457763672,24.40999984741211,24.459999084472656,3527500,24.459999084472656,25.564000015258788,24.56449998855591,24.450097074786438,LBTYK
2019-05-30,24.600000381469727,23.860000610351562,24.399999618530273,23.989999771118164,4120500,23.989999771118164,25.534200019836426,24.584599990844726,24.445673062251164,LBTYK
2019-05-31,24.329999923706055,23.6299991607666,23.790000915527344,24.239999771118164,3510400,24.239999771118164,25.509400024414063,24.616599979400636,24.443714269002278,LBTYK
2019-06-03,24.690000534057617,23.959999084472656,24.170000076293945,24.059999465942383,3240900,24.059999465942383,25.475200004577637,24.654399967193605,24.440094318030017,LBTYK
2019-06-04,25.100000381469727,24.219999313354492,24.469999313354492,25.049999237060547,3543500,25.049999237060547,25.468999977111817,24.70149995803833,24.445794364002264,LBTYK
2019-06-05,25.260000228881836,24.549999237060547,25.170000076293945,24.790000915527344,2532300,24.790000915527344,25.46279998779297,24.75149995803833,24.44898146170157,LBTYK
2019-06-06,25.31999969482422,24.780000686645508,24.829999923706055,25.190000534057617,1815300,25.190000534057617,25.471599998474122,24.79999996185303,24.455779801814927,LBTYK
2019-06-07,25.700000762939453,25.25,25.299999237060547,25.610000610351562,2382800,25.610000610351562,25.487600021362304,24.84729997634888,24.46627271825617,LBTYK
2019-06-10,26.1299991607666,25.540000915527344,25.690000534057617,26.020000457763672,2747100,26.020000457763672,25.517400016784666,24.893399982452394,24.48027026545894,LBTYK
2019-06-11,26.200000762939453,25.579999923706055,26.200000762939453,25.729999542236328,2305600,25.729999542236328,25.547800025939942,24.93449996948242,24.491428562573024,LBTYK
2019-06-12,26.100000381469727,25.5,25.760000228881836,25.5,1692500,25.5,25.574800033569336,24.975299968719483,24.500353973523705,LBTYK
2019-06-13,25.829999923706055,25.469999313354492,25.540000915527344,25.6299991607666,1501600,25.6299991607666,25.595,25.015899963378907,24.510263141832855,LBTYK
2019-06-14,26.139999389648438,25.459999084472656,25.6200008392334,25.920000076293945,1590900,25.920000076293945,25.600400009155273,25.056599960327148,24.522521723871645,LBTYK
2019-06-17,26.15999984741211,25.729999542236328,25.920000076293945,25.860000610351562,3195100,25.860000610351562,25.600000038146973,25.09879997253418,24.534051714272334,LBTYK
2019-06-18,26.969999313354492,26.06999969482422,26.219999313354492,26.540000915527344,3554200,26.540000915527344,25.59360004425049,25.143999977111818,24.551196579240326,LBTYK
2019-06-19,26.979999542236328,26.459999084472656,26.459999084472656,26.920000076293945,1776500,26.920000076293945,25.59620002746582,25.18969997406006,24.57127118514756,LBTYK
2019-06-20,27.200000762939453,26.649999618530273,27.149999618530273,26.8799991607666,1668100,26.8799991607666,25.597999992370607,25.23229995727539,24.59067226057293,LBTYK
2019-06-21,27.09000015258789,26.530000686645508,26.829999923706055,26.84000015258789,2766500,26.84000015258789,25.604199981689455,25.273699951171874,24.609416659673055,LBTYK
2019-06-24,26.920000076293945,26.139999389648438,26.84000015258789,26.309999465942383,1809100,26.309999465942383,25.60159996032715,25.307199954986572,24.623471063030653,LBTYK
2019-06-25,26.25,25.56999969482422,26.25,25.670000076293945,2696000,25.670000076293945,25.573999977111818,25.32829996109009,24.632049169696746,LBTYK
2019-06-26,26.079999923706055,25.389999389648438,25.75,25.8799991607666,2936900,25.8799991607666,25.54379997253418,25.348099956512453,24.642195104583493,LBTYK
2019-06-27,26.3700008392334,25.760000228881836,25.860000610351562,26.209999084472656,2283300,26.209999084472656,25.531799964904785,25.361399955749512,24.65483868506647,LBTYK
2019-06-28,26.6200008392334,26.06999969482422,26.200000762939453,26.530000686645508,2409100,26.530000686645508,25.52759998321533,25.376599960327148,24.6698399810791,LBTYK
2019-07-01,27.100000381469727,26.440000534057617,26.920000076293945,26.850000381469727,2336300,26.850000381469727,25.531399993896486,25.40129997253418,24.687142841399663,LBTYK
2019-07-02,27.010000228881836,26.65999984741211,26.790000915527344,26.940000534057617,1937800,26.940000534057617,25.54020000457764,25.425699977874757,24.704881878349724,LBTYK
2019-07-03,27.040000915527344,26.729999542236328,27.0,26.8799991607666,1109700,26.8799991607666,25.547999992370606,25.453199977874757,24.721874982118607,LBTYK
2019-07-05,27.020000457763672,26.6299991607666,26.68000030517578,26.920000076293945,1074100,26.920000076293945,25.55840000152588,25.488999977111817,24.738914711530818,LBTYK
2019-07-08,26.760000228881836,26.219999313354492,26.760000228881836,26.270000457763672,2030600,26.270000457763672,25.567999992370606,25.51259998321533,24.75069229419415,LBTYK
2019-07-09,26.34000015258789,25.84000015258789,26.059999465942383,26.010000228881836,2671200,26.010000228881836,25.567399978637695,25.534999980926514,24.76030533186352,LBTYK
2019-07-10,26.229999542236328,25.81999969482422,26.079999923706055,26.059999465942383,3449700,26.059999465942383,25.5653999710083,25.55479997634888,24.770151499545936,LBTYK
2019-07-11,26.59000015258789,26.079999923706055,26.079999923706055,26.579999923706055,1904300,26.579999923706055,25.573999977111818,25.572399978637694,24.783759382434358,LBTYK
2019-07-12,26.829999923706055,26.530000686645508,26.6200008392334,26.540000915527344,1304100,26.540000915527344,25.588600006103515,25.590499992370606,24.796865662532067,LBTYK
2019-07-15,26.670000076293945,25.639999389648438,26.559999465942383,25.8799991607666,2645400,25.8799991607666,25.594599990844728,25.601499977111818,24.804888873630098,LBTYK
2019-07-16,26.0,25.479999542236328,25.940000534057617,25.5,1743700,25.5,25.58419998168945,25.608999977111818,24.80999998485341,LBTYK
2019-07-17,25.59000015258789,25.139999389648438,25.43000030517578,25.5,1963800,25.5,25.573199996948244,25.612299976348876,24.815036481314333,LBTYK
2019-07-18,27.84000015258789,25.5,25.5,27.420000076293945,6431900,27.420000076293945,25.615400009155273,25.64119997024536,24.83391302910404,LBTYK
2019-07-19,27.719999313354492,26.739999771118164,27.420000076293945,27.049999237060547,4028800,27.049999237060547,25.650200004577638,25.656899967193603,24.84985609534833,LBTYK
2019-07-22,27.15999984741211,26.68000030517578,27.030000686645508,26.90999984741211,1463600,26.90999984741211,25.67599998474121,25.67299997329712,24.86457140786307,LBTYK
2019-07-23,27.5,26.979999542236328,27.1200008392334,27.1299991607666,3100500,27.1299991607666,25.70719997406006,25.6903999710083,24.88063827135884,LBTYK
2019-07-24,27.360000610351562,26.780000686645508,27.1200008392334,27.309999465942383,4357900,27.309999465942383,25.772199974060058,25.709699974060058,24.897746448785487,LBTYK
2019-07-25,27.360000610351562,26.90999984741211,27.280000686645508,27.209999084472656,1406400,27.209999084472656,25.8307999420166,25.726899967193603,24.913916047636445,LBTYK
2019-07-26,27.299999237060547,27.059999465942383,27.15999984741211,27.25,1430200,27.25,25.8807999420166,25.746299972534178,24.93013885286119,LBTYK
2019-07-29,27.25,26.559999465942383,27.25,26.59000015258789,2149800,26.59000015258789,25.911999931335448,25.759199981689452,24.941586172169654,LBTYK
2019-07-30,26.65999984741211,26.190000534057617,26.3799991607666,26.540000915527344,1314200,26.540000915527344,25.949599952697753,25.772399997711183,24.952534218357034,LBTYK
2019-07-31,26.6299991607666,25.850000381469727,26.5,26.040000915527344,3560000,26.040000915527344,25.978999977111815,25.786700000762938,24.959931950990846,LBTYK
2019-08-01,26.360000610351562,25.670000076293945,25.850000381469727,25.829999923706055,2190500,25.829999923706055,25.989999961853027,25.802000007629395,24.965810788644326,LBTYK
2019-08-02,26.049999237060547,25.06999969482422,25.709999084472656,25.950000762939453,1711800,25.950000762939453,26.01099998474121,25.81550001144409,24.972416090485233,LBTYK
2019-08-05,25.459999084472656,24.75,25.459999084472656,24.969999313354492,3868300,24.969999313354492,26.01819995880127,25.815699996948243,24.972399978637696,LBTYK
2019-08-06,25.25,24.729999542236328,25.0,25.020000457763672,2088000,25.020000457763672,26.0303999710083,25.815300006866455,24.972715213598793,LBTYK
2019-08-07,25.270000457763672,24.200000762939453,24.600000381469727,25.190000534057617,2570600,25.190000534057617,26.043399963378906,25.813500003814696,24.974144722286024,LBTYK
2019-08-08,26.5,25.260000228881836,26.010000228881836,25.56999969482422,7129400,25.56999969482422,26.065599975585936,25.814799995422362,24.978039199230718,LBTYK
2019-08-09,25.90999984741211,25.3700008392334,25.489999771118164,25.850000381469727,4253300,25.850000381469727,26.10279998779297,25.818500003814698,24.98370128482967,LBTYK
2019-08-12,26.940000534057617,25.610000610351562,25.770000457763672,26.329999923706055,4832700,26.329999923706055,26.144599990844725,25.827000007629394,24.992387082499842,LBTYK
2019-08-13,26.90999984741211,26.219999313354492,26.229999542236328,26.360000610351562,4681500,26.360000610351562,26.19060001373291,25.832900009155274,25.001153835883507,LBTYK
2019-08-14,26.209999084472656,25.739999771118164,25.989999771118164,25.75,3485400,25.75,26.2046000289917,25.836800003051756,25.00592355667406,LBTYK
2019-08-15,25.959999084472656,25.530000686645508,25.959999084472656,25.729999542236328,3600500,25.729999542236328,26.223400001525878,25.843099994659426,25.010506316076352,LBTYK
2019-08-16,26.100000381469727,25.639999389648438,25.969999313354492,25.65999984741211,4294200,25.65999984741211,26.23279998779297,25.852199993133546,25.014591181053305,LBTYK
2019-08-19,26.1200008392334,25.68000030517578,25.93000030517578,25.989999771118164,5254300,25.989999771118164,26.2403999710083,25.863999996185303,25.02068748474121,LBTYK
2019-08-20,26.09000015258789,25.84000015258789,25.959999084472656,25.860000610351562,3915100,25.860000610351562,26.237199974060058,25.877299995422362,25.025900609745,LBTYK
2019-08-21,26.1200008392334,25.65999984741211,25.989999771118164,25.93000030517578,5519100,25.93000030517578,26.241199989318847,25.894500007629393,25.031481472062477,LBTYK
2019-08-22,26.09000015258789,25.639999389648438,25.93000030517578,25.65999984741211,6630000,25.65999984741211,26.24439998626709,25.90960000991821,25.03533741301554,LBTYK
2019-08-23,25.690000534057617,25.040000915527344,25.579999923706055,25.1200008392334,6170100,25.1200008392334,26.234200019836425,25.914600009918214,25.03585365341931,LBTYK
2019-08-26,25.6200008392334,25.270000457763672,25.290000915527344,25.299999237060547,5022400,25.299999237060547,26.221800003051758,25.911100006103517,25.037454535744406,LBTYK
2019-08-27,25.5,25.049999237060547,25.5,25.139999389648438,6581400,25.139999389648438,26.207399978637696,25.903700008392335,25.038072275828167,LBTYK
2019-08-28,25.459999084472656,24.920000076293945,25.059999465942383,25.31999969482422,6125900,25.31999969482422,26.182999954223632,25.88829999923706,25.039760463965866,LBTYK
2019-08-29,25.889999389648438,25.469999313354492,25.56999969482422,25.75,9077900,25.75,26.159599952697754,25.877899990081787,25.043988080251786,LBTYK
2019-08-30,26.219999313354492,25.790000915527344,25.809999465942383,26.1200008392334,5732200,26.1200008392334,26.14439998626709,25.871199989318846,25.05035501965404,LBTYK
2019-09-03,26.030000686645508,25.719999313354492,25.84000015258789,25.940000534057617,7455000,25.940000534057617,26.126399993896484,25.86529998779297,25.0555882285623,LBTYK
2019-09-04,26.770000457763672,26.030000686645508,26.09000015258789,26.690000534057617,12264700,26.690000534057617,26.13400001525879,25.867799987792967,25.065146195261104,LBTYK
2019-09-05,27.229999542236328,26.020000457763672,26.84000015258789,26.06999969482422,14130800,26.06999969482422,26.142000007629395,25.857999992370605,25.07098836677019,LBTYK
2019-09-06,26.809999465942383,26.1200008392334,26.1200008392334,26.530000686645508,13023800,26.530000686645508,26.155000038146973,25.849400005340577,25.079421963994903,LBTYK
2019-09-09,26.799999237060547,26.399999618530273,26.65999984741211,26.75,10230400,26.75,26.16580005645752,25.848800010681153,25.089022987190333,LBTYK
2019-09-10,27.34000015258789,26.670000076293945,26.81999969482422,27.139999389648438,13198100,27.139999389648438,26.178000030517577,25.852800006866456,25.10074285234724,LBTYK
2019-09-11,27.260000228881836,26.690000534057617,27.170000076293945,26.950000762939453,5904700,26.950000762939453,26.18000003814697,25.85570001602173,25.11124999956651,LBTYK
2019-09-12,27.65999984741211,26.770000457763672,26.920000076293945,27.420000076293945,11269700,27.420000076293945,26.1896000289917,25.864900016784667,25.124293785310734,LBTYK
2019-09-13,27.670000076293945,27.190000534057617,27.649999618530273,27.510000228881836,6213100,27.510000228881836,26.202200050354005,25.875100021362304,25.137696630499335,LBTYK
2019-09-16,27.579999923706055,26.969999313354492,27.3700008392334,27.079999923706055,4018100,27.079999923706055,26.205400047302245,25.881900024414062,25.148547486885967,LBTYK
2019-09-17,26.979999542236328,26.34000015258789,26.920000076293945,26.600000381469727,5041600,26.600000381469727,26.212000045776367,25.890000019073486,25.156611114078096,LBTYK
2019-09-18,26.68000030517578,26.270000457763672,26.559999465942383,26.65999984741211,4054700,26.65999984741211,26.225000038146973,25.896200008392334,25.16491712917939,LBTYK
2019-09-19,26.719999313354492,26.280000686645508,26.6299991607666,26.299999237060547,4341300,26.299999237060547,26.229800033569337,25.89760000228882,25.17115384405786,LBTYK
2019-09-20,26.229999542236328,24.84000015258789,26.229999542236328,25.09000015258789,13996500,25.09000015258789,26.20000003814697,25.887000007629396,25.17071038126294,LBTYK
2019-09-23,25.239999771118164,24.540000915527344,24.940000534057617,24.559999465942383,3668900,24.559999465942383,26.160400009155275,25.874500007629393,25.167391300201416,LBTYK
2019-09-24,24.760000228881836,23.84000015258789,24.6200008392334,23.940000534057617,4654100,23.940000534057617,26.121600036621093,25.85810001373291,25.160756755519557,LBTYK
2019-09-25,24.540000915527344,23.739999771118164,23.739999771118164,24.440000534057617,4895100,24.440000534057617,26.100400047302244,25.842300014495848,25.15688172207084,LBTYK
2019-09-26,24.6299991607666,23.739999771118164,24.510000228881836,23.790000915527344,2956100,23.790000915527344,26.066200065612794,25.81970003128052,25.14957219904119,LBTYK
2019-09-27,23.959999084472656,23.510000228881836,23.780000686645508,23.84000015258789,2574000,23.84000015258789,25.994600067138673,25.80500003814697,25.14260639028346,LBTYK
2019-09-30,24.0,23.709999084472656,23.90999984741211,23.790000915527344,3350900,23.790000915527344,25.92940010070801,25.78980005264282,25.135449747559885,LBTYK
2019-10-01,24.1200008392334,23.34000015258789,23.81999969482422,23.40999984741211,2916200,23.40999984741211,25.859400100708008,25.76770004272461,25.12636843229595,LBTYK
2019-10-02,23.469999313354492,23.209999084472656,23.329999923706055,23.40999984741211,2391600,23.40999984741211,25.78500011444092,25.74610004425049,25.117382209338444,LBTYK
2019-10-03,23.770000457763672,23.270000457763672,23.329999923706055,23.770000457763672,3025700,23.770000457763672,25.714200134277345,25.7432000541687,25.110364596048992,LBTYK
2019-10-04,24.190000534057617,23.75,23.790000915527344,24.1200008392334,2586400,24.1200008392334,25.65240016937256,25.74160005569458,25.105233177619894,LBTYK
2019-10-07,24.31999969482422,23.950000762939453,24.1200008392334,24.110000610351562,5461600,24.110000610351562,25.58960018157959,25.735200061798096,25.10010311284016,LBTYK
2019-10-08,24.110000610351562,23.56999969482422,24.0,23.729999542236328,2754000,23.729999542236328,25.532400169372558,25.722200050354004,25.09307694068322,LBTYK
2019-10-09,23.979999542236328,23.6200008392334,23.860000610351562,23.920000076293945,1315000,23.920000076293945,25.48000015258789,25.714800052642822,25.087091854640416,LBTYK
2019-10-10,23.889999389648438,22.899999618530273,23.889999389648438,22.90999984741211,4175200,22.90999984741211,25.417400131225588,25.6982000541687,25.076040626177328,LBTYK
2019-10-11,23.690000534057617,23.139999389648438,23.31999969482422,23.489999771118164,3516800,23.489999771118164,25.370600128173827,25.68030004501343,25.068030318828544,LBTYK
2019-10-14,23.719999313354492,23.309999465942383,23.520000457763672,23.65999984741211,2190500,23.65999984741211,25.324800109863283,25.667900047302247,25.060954788821427,LBTYK
2019-10-15,24.6299991607666,23.649999618530273,23.65999984741211,24.600000381469727,2689000,24.600000381469727,25.317400131225586,25.66780004501343,25.058650016784668,LBTYK
2019-10-16,25.06999969482422,24.600000381469727,24.6299991607666,24.850000381469727,4943000,24.850000381469727,25.314000129699707,25.672200050354004,25.079700021743776,LBTYK
2019-10-17,24.850000381469727,24.100000381469727,24.670000076293945,24.239999771118164,5422500,24.239999771118164,25.295000114440917,25.669200038909914,25.09740001678467,LBTYK
2019-10-18,24.510000228881836,24.110000610351562,24.329999923706055,24.350000381469727,4182300,24.350000381469727,25.27060012817383,25.668100051879883,25.116300020217896,LBTYK
2019-10-21,24.700000762939453,24.239999771118164,24.360000610351562,24.31999969482422,2908700,24.31999969482422,25.240000114440917,25.671400051116944,25.128000020980835,LBTYK
2019-10-22,23.729999542236328,22.440000534057617,23.729999542236328,22.940000534057617,7893100,22.940000534057617,25.17220012664795,25.658400058746338,25.137500019073485,LBTYK
2019-10-23,23.280000686645508,22.6299991607666,22.6299991607666,23.270000457763672,2691200,23.270000457763672,25.110400123596193,25.650500068664552,25.152450017929077,LBTYK
2019-10-24,23.3700008392334,22.989999771118164,23.270000457763672,23.270000457763672,1919500,23.270000457763672,25.060800132751464,25.632700080871583,25.167100019454956,LBTYK
2019-10-25,23.600000381469727,23.18000030517578,23.350000381469727,23.209999084472656,1823100,23.209999084472656,25.01040012359619,25.616900062561037,25.184200010299683,LBTYK
2019-10-28,23.729999542236328,23.25,23.260000228881836,23.479999542236328,3620900,23.479999542236328,24.966800117492674,25.599800052642824,25.199900007247926,LBTYK
2019-10-29,23.709999084472656,23.1299991607666,23.34000015258789,23.6200008392334,3504900,23.6200008392334,24.919400138854982,25.57990005493164,25.21360001564026,LBTYK
2019-10-30,23.760000228881836,23.1200008392334,23.59000015258789,23.610000610351562,1611600,23.610000610351562,24.87440013885498,25.55580005645752,25.224600019454957,LBTYK
2019-10-31,23.8799991607666,23.309999465942383,23.600000381469727,23.8700008392334,1803700,23.8700008392334,24.833200149536133,25.53720006942749,25.235850019454958,LBTYK
2019-11-01,24.260000228881836,23.8799991607666,24.06999969482422,24.190000534057617,1439100,24.190000534057617,24.80380016326904,25.524100074768068,25.249700021743774,LBTYK
2019-11-04,24.40999984741211,23.979999542236328,24.190000534057617,24.079999923706055,2258000,24.079999923706055,24.783000144958496,25.50860008239746,25.262250022888182,LBTYK
2019-11-05,24.260000228881836,23.889999389648438,24.059999465942383,24.06999969482422,2150200,24.06999969482422,24.75840015411377,25.490100078582763,25.273350019454956,LBTYK
2019-11-06,24.309999465942383,23.65999984741211,24.18000030517578,23.68000030517578,2211300,23.68000030517578,24.729200172424317,25.468300075531005,25.283550024032593,LBTYK
2019-11-07,23.739999771118164,23.010000228881836,23.5,23.469999313354492,3847300,23.469999313354492,24.692200164794922,25.43760005950928,25.29080001831055,LBTYK
2019-11-08,23.549999237060547,23.139999389648438,23.3799991607666,23.450000762939453,1644000,23.450000762939453,24.64620018005371,25.402900066375732,25.296300020217895,LBTYK
2019-11-11,23.610000610351562,23.1299991607666,23.329999923706055,23.469999313354492,1725600,23.469999313354492,24.593200149536134,25.36880006790161,25.300550012588502,LBTYK
2019-11-12,23.280000686645508,22.59000015258789,23.25,22.68000030517578,4026400,22.68000030517578,24.528000144958497,25.32720006942749,25.300450010299684,LBTYK
2019-11-13,22.850000381469727,21.979999542236328,22.540000915527344,21.989999771118164,5023100,21.989999771118164,24.434000129699708,25.284000072479248,25.29560001373291,LBTYK
2019-11-14,22.260000228881836,21.75,21.8700008392334,21.81999969482422,5578700,21.81999969482422,24.349000129699707,25.24550006866455,25.286900014877318,LBTYK
2019-11-15,21.950000762939453,21.59000015258789,21.889999389648438,21.65999984741211,4196300,21.65999984741211,24.25160011291504,25.203300075531004,25.27570001602173,LBTYK
2019-11-18,21.760000228881836,21.200000762939453,21.200000762939453,21.739999771118164,6816300,21.739999771118164,24.151400108337402,25.15860008239746,25.260000019073487,LBTYK
2019-11-19,21.90999984741211,21.549999237060547,21.8700008392334,21.81999969482422,3282300,21.81999969482422,24.045000114440917,25.11150007247925,25.244050016403197,LBTYK
2019-11-20,22.010000228881836,21.520000457763672,21.75,21.65999984741211,4051900,21.65999984741211,23.93920009613037,25.05960006713867,25.230450019836425,LBTYK
2019-11-21,21.809999465942383,21.540000915527344,21.6299991607666,21.729999542236328,3242200,21.729999542236328,23.825400085449218,25.007500057220458,25.216600017547606,LBTYK
2019-11-22,21.8700008392334,21.399999618530273,21.84000015258789,21.40999984741211,4006800,21.40999984741211,23.703400077819825,24.952800064086915,25.203000020980834,LBTYK
2019-11-25,21.520000457763672,20.809999465942383,21.420000076293945,20.81999969482422,5561100,20.81999969482422,23.578200073242186,24.891800060272217,25.190400018692017,LBTYK
2019-11-26,21.059999465942383,20.389999389648438,20.829999923706055,21.0,5782700,21.0,23.466200065612792,24.83910005569458,25.175850019454955,LBTYK
2019-11-27,21.729999542236328,20.90999984741211,21.010000228881836,21.670000076293945,4672500,21.670000076293945,23.36640007019043,24.7957000541687,25.165350017547606,LBTYK
2019-11-29,21.709999084472656,21.219999313354492,21.709999084472656,21.5,1689800,21.5,23.270400085449218,24.75010005950928,25.152450017929077,LBTYK
2019-12-02,21.549999237060547,21.149999618530273,21.489999771118164,21.200000762939453,3616500,21.200000762939453,23.19260009765625,24.69630006790161,25.134350023269654,LBTYK
2019-12-03,21.149999618530273,20.780000686645508,21.149999618530273,20.889999389648438,2633300,20.889999389648438,23.11920009613037,24.639800052642823,25.115150022506715,LBTYK
2019-12-04,21.18000030517578,20.84000015258789,20.940000534057617,20.979999542236328,2760300,20.979999542236328,23.060000076293946,24.59080005645752,25.09615001678467,LBTYK
2019-12-05,21.260000228881836,20.639999389648438,21.09000015258789,21.110000610351562,5904900,21.110000610351562,22.993400077819825,24.546900062561036,25.077950019836425,LBTYK
2019-12-06,21.280000686645508,20.989999771118164,21.280000686645508,21.0,2735600,21.0,22.93760005950928,24.501900062561035,25.057100019454957,LBTYK
2019-12-09,21.010000228881836,20.540000915527344,20.959999084472656,20.600000381469727,2721000,20.600000381469727,22.872800064086913,24.433700065612793,25.03745001792908,LBTYK
2019-12-10,21.0,20.520000457763672,20.520000457763672,21.0,2862600,21.0,22.817000045776368,24.373200073242188,25.015050020217895,LBTYK
2019-12-11,21.040000915527344,20.5,21.010000228881836,20.510000228881836,3287800,20.510000228881836,22.75900005340576,24.309200077056886,24.991100025177,LBTYK
2019-12-12,20.90999984741211,20.5,20.520000457763672,20.639999389648438,2887900,20.639999389648438,22.70360004425049,24.244300079345702,24.967350025177,LBTYK
2019-12-13,21.3700008392334,20.889999389648438,21.010000228881836,21.049999237060547,4009800,21.049999237060547,22.649200019836425,24.181700077056885,24.945700025558473,LBTYK
2019-12-16,21.510000228881836,20.81999969482422,21.229999542236328,20.920000076293945,3016500,20.920000076293945,22.585200004577636,24.1188000869751,24.92285002708435,LBTYK
2019-12-17,20.979999542236328,20.709999084472656,20.90999984741211,20.729999542236328,3220100,20.729999542236328,22.517599983215334,24.053600082397463,24.89995002746582,LBTYK
2019-12-18,21.270000457763672,20.68000030517578,20.68000030517578,21.200000762939453,3300200,21.200000762939453,22.467000007629395,23.999700088500976,24.879450035095214,LBTYK
2019-12-19,21.979999542236328,21.1299991607666,21.1299991607666,21.790000915527344,5218400,21.790000915527344,22.424400024414062,23.952200088500977,24.862300043106078,LBTYK
2019-12-20,21.899999618530273,21.399999618530273,21.68000030517578,21.65999984741211,4776200,21.65999984741211,22.399400024414064,23.908400077819824,24.84755003929138,LBTYK
2019-12-23,21.829999923706055,21.5,21.65999984741211,21.760000228881836,3109500,21.760000228881836,22.364800033569335,23.867700080871582,24.834850044250487,LBTYK
2019-12-24,21.81999969482422,21.65999984741211,21.790000915527344,21.780000686645508,538900,21.780000686645508,22.327200050354005,23.826000080108642,24.820750045776368,LBTYK
2019-12-26,21.889999389648438,21.360000610351562,21.780000686645508,21.40999984741211,2554400,21.40999984741211,22.263400039672852,23.790400085449217,24.80305004119873,LBTYK
2019-12-27,21.889999389648438,21.3799991607666,21.489999771118164,21.850000381469727,10114800,21.850000381469727,22.20340003967285,23.75870008468628,24.787000045776367,LBTYK
2019-12-30,22.040000915527344,21.530000686645508,21.93000030517578,21.579999923706055,2644200,21.579999923706055,22.15020004272461,23.722600078582765,24.76805004119873,LBTYK
2019-12-31,21.799999237060547,21.475000381469727,21.59000015258789,21.75,983002,21.75,22.098200035095214,23.68440008163452,24.749600038528442,LBTYK
